<?xml version="1.0" encoding="UTF-8"?>
<!DOCTYPE hibernate-mapping PUBLIC
"-//hibernate/hibernate mapping dtd2.0//en"
"http://hibernate.sourceforge.net/hibernate-mapping-3.0.dtd">
<hibernate-mapping>
<class name="com.signup.mypojo" table="signup">
<id name="email" column="email" type="string">
<generator class ="assigned"></generator></id>
<property name="firstname" type="string" column="firstname" />
<property name="lastname" type="string" column="lastname" />
<property name="password" type="string" column="password" />
<property name="phonenumber" type="string" column="phonenumber" />
<property name="address" type="string" column="address" />
</class>
</hibernate-mapping>
